{
  "parse": 14.064999999999998,
  "marshal": 4.6004999999999825
}
